x1_1,x1_2,x1_3,x1_4,y1,y2,y3,y4
3.0504381,3.0203086,3.6240775,3.0504381,5.2460148,3.986962,9.3487589,9.3487589
2.0764395,3.9755882,2.4876466,2.0764395,5.188809,9.596126,13.068113,13.068113
2.4913947,3.2661856,2.1375536,2.4913947,4.9739429,6.4697333,7.9532523,7.9532523
3.8489363,3.0874889,2.9278808,3.8489363,4.6184599,4.1109413,4.141515,4.141515
3.2271992,2.2345929,2.1719697,3.2271992,5.871745,7.2315285,11.042353,11.042353
2.3961678,3.696201,3.4585418,2.3961678,2.3277338,-4.0424693,-1.8631624,-1.8631624
3.6986684,2.5422878,2.1243553,3.6986684,6.620363,6.8241953,12.759818,12.759818
2.9807424,2.7659551,3.8157061,2.9807424,3.509357,1.7338028,1.7802403,1.7802403
2.6982165,3.3169787,2.3815091,2.6982165,7.1920345,11.096407,15.877797,15.877797
3.8736287,2.332313,3.8021642,3.8736287,2.3643682,-4.4653184,-5.3321217,-5.3321217
3.822793,2.9546597,3.4641911,3.822793,7.9162547,12.295577,16.855791,16.855791
3.113414,3.874479,3.6528491,3.113414,3.1493595,0.4136455,0.90242128,0.90242128
3.0545369,3.4591311,2.7240791,3.0545369,9.3439287,17.081414,24.379839,24.379839
2.248381,2.8236268,3.8403595,2.248381,4.4747913,5.7140783,11.827513,11.827513
2.7970278,3.2511532,2.2553556,2.7970278,4.5710766,2.9759113,6.450174,6.450174
2.2906516,3.3124686,3.3134966,2.2906516,5.1004587,9.0771931,12.208996,12.208996
2.4000931,3.5007028,3.8409929,2.4000931,5.069925,6.32084,11.823173,11.823173
3.1682856,3.0076185,2.7340005,3.1682856,2.659561,-1.5145999,-2.2270605,-2.2270605
2.6455825,2.748689,2.0213833,2.6455825,2.1024034,-4.4954342,-2.3760424,-2.3760424
3.439739,2.0870054,3.1458119,3.439739,2.675897,-3.6754613,-4.0532886,-4.0532886
2.9653517,2.4692506,3.8749139,2.9653517,1.2953686,-5.9165526,-4.443455,-4.443455
3.5604775,2.2546701,3.3022015,3.5604775,5.383146,3.652468,4.9570149,4.9570149
3.4458968,3.9054003,2.961414,3.4458968,3.8477712,-0.36479898,-0.34591083,-0.34591083
2.1888039,3.2497342,2.2139995,2.1888039,0.18363627,-7.3216494,-8.0351548,-8.0351548
2.0666629,2.6142934,3.2251051,2.0666629,4.1259326,5.2868313,6.8930135,6.8930135
2.512103,2.730154,3.9919225,2.512103,3.3637343,1.0915355,3.3914324,3.3914324
3.2459992,3.3087921,3.6087632,3.2459992,6.5922123,9.1666991,14.343157,14.343157
2.9907189,2.8200807,3.362637,2.9907189,4.0731385,1.2864364,4.279617,4.279617
3.7550652,2.4042603,3.8202559,3.7550652,0.075854684,-12.348891,-13.832683,-13.832683
3.8795726,2.127221,2.9667143,3.8795726,4.9999924,5.0958162,4.8868387,4.8868387
2.5306933,2.7986655,3.2414434,2.5306933,2.2043498,-1.3823662,-1.9469173,-1.9469173
2.022394,3.788548,3.3220207,2.022394,3.287167,1.642764,3.6200425,3.6200425
2.9982914,3.4550794,2.5026376,2.9982914,4.8639104,5.6121553,9.8592026,9.8592026
3.3450797,3.214042,3.7833543,3.3450797,7.7215969,14.289286,20.058201,20.058201
2.3303227,2.9435589,3.8883906,2.3303227,1.9389132,-3.4224117,-3.2585023,-3.2585023
3.8282088,3.7938397,3.573279,3.8282088,3.3719109,-0.35472448,-0.49188376,-0.49188376
2.739729,3.8591575,2.6173369,2.739729,0.85798954,-7.9347741,-8.1118103,-8.1118103
3.1391343,2.0392521,2.6251231,3.1391343,1.1446133,-6.7808042,-6.3651438,-6.3651438
3.5658636,3.5894533,3.2751426,3.5658636,0.56635277,-10.303485,-10.865132,-10.865132
3.1763362,3.567563,2.1919996,3.1763362,0.72528265,-7.2360369,-8.8578611,-8.8578611
2.6780832,2.8835001,2.400317,2.6780832,3.5459534,0.48865468,3.5760269,3.5760269
2.1478636,3.1393479,3.5604712,2.1478636,3.6528725,4.5803004,7.1811936,7.1811936
3.7240956,2.6994945,2.5527208,3.7240956,6.2085016,5.9629957,8.7315169,8.7315169
2.0967058,3.740258,3.3891234,2.0967058,3.6144654,1.1095603,3.5706023,3.5706023
3.1114931,2.5057219,3.2590578,3.1114931,2.9211297,-3.3245188,-1.4666677,-1.4666677
3.6238267,2.5917882,2.7958264,3.6238267,4.618461,0.33825498,4.196323,4.196323
3.456601,3.2034801,3.1534655,3.456601,5.3229615,3.2012032,7.8360605,7.8360605
2.5693586,2.102507,3.9678534,2.5693586,4.5102492,5.5526211,9.6153716,9.6153716
3.689851,3.7566988,3.5395231,3.689851,2.7177467,-3.069812,-4.4894279,-4.4894279
3.219096,2.2575479,3.3912928,3.219096,4.5624446,1.9584527,5.499342,5.499342
2.1963417,2.0758626,3.6175734,2.1963417,1.6034923,-3.346501,-1.8747142,-1.8747142
3.8319421,3.9148706,2.4153299,3.8319421,7.1356293,8.5500514,13.417472,13.417472
3.419075,2.3386092,3.8732071,3.419075,6.8705653,7.5725776,13.534898,13.534898
2.5593539,3.0568744,2.407989,2.5593539,3.7779004,0.37802268,3.2513211,3.2513211
2.3855646,2.3610179,3.7340895,2.3855646,6.2578064,9.5438335,15.386603,15.386603
3.7750961,2.3604021,2.8478204,3.7750961,4.6116484,1.3826448,2.3508517,2.3508517
2.7610844,2.4871169,2.6980079,2.7610844,6.1345966,9.2733819,14.064541,14.064541
2.077755,3.6219982,2.9557777,2.077755,-1.8189917,-10.909914,-16.341643,-16.341643
2.408785,3.3645294,3.8401009,2.408785,4.6102163,5.4687199,9.6349753,9.6349753
2.3944791,2.733491,2.5281763,2.3944791,5.4282473,9.1106695,11.838503,11.838503
3.1732284,2.5464445,3.0466799,3.1732284,1.6403696,-5.5852551,-5.005759,-5.005759
3.327304,3.1705451,2.1101361,3.327304,4.3230666,1.636708,3.9342976,3.9342976
2.8245982,2.7292382,3.6218845,2.8245982,1.4292391,-4.4239715,-4.6644711,-4.6644711
3.7681849,2.458783,2.1743041,3.7681849,4.2488081,1.204064,2.8341542,2.8341542
3.9309183,2.2260872,2.1966141,3.9309183,3.352592,-2.8869718,-2.0280829,-2.0280829
3.4904994,3.9434035,2.1669164,3.4904994,5.0585416,2.6659935,4.5858486,4.5858486
2.9900687,2.6148077,3.2617576,2.9900687,6.3892842,8.4190023,11.054737,11.054737
3.5283009,3.5339297,2.7774026,3.5283009,5.1306767,4.2511547,4.8458028,4.8458028
2.5772118,2.0079169,2.2746963,2.5772118,2.8877848,-0.32737651,1.6999295,1.6999295
3.3049925,3.0507927,3.2037471,3.3049925,3.8592404,1.44516,0.49586374,0.49586374
3.6714487,2.6995556,2.2743815,3.6714487,2.8980163,-4.8082474,-3.4965336,-3.4965336
3.2953557,2.4899155,3.1487165,3.2953557,4.5809034,1.9207561,6.7560329,6.7560329
3.8431019,3.6724278,2.4109939,3.8431019,6.3475546,5.0980283,8.8019277,8.8019277
2.1240123,2.0702861,3.4168254,2.1240123,4.0806229,5.7585298,8.3132282,8.3132282
3.7349735,3.2233,3.8762683,3.7349735,5.8650175,5.8232194,12.254792,12.254792
2.0444085,3.4627131,2.9135543,2.0444085,4.546675,5.1871644,9.4097175,9.4097175
2.3822574,3.4128722,3.5350204,2.3822574,1.1553642,-4.2732889,-4.103438,-4.103438
2.3303061,3.2405363,2.2018492,2.3303061,5.0725548,7.6591631,10.10484,10.10484
3.5114854,3.7899718,3.2322413,3.5114854,1.1200752,-9.7208729,-8.4998851,-8.4998851
2.8715279,2.4700162,2.1713226,2.8715279,4.6134427,3.7109843,5.7160144,5.7160144
3.1639675,3.5060362,3.4083281,3.1639675,5.5317868,6.9337783,10.271776,10.271776
3.8223452,3.5944543,3.4478409,3.8223452,6.6416015,7.9385226,10.718166,10.718166
3.9286365,2.1487427,2.4225972,3.9286365,2.7806408,-3.7581406,-4.2570361,-4.2570361
2.1294129,3.486802,3.5403262,2.1294129,2.6829734,-0.43132564,1.8382544,1.8382544
3.8680396,3.0084075,3.9871791,3.8680396,5.0458041,3.0544792,7.1468828,7.1468828
3.7915468,2.8755907,3.0126111,3.7915468,7.6679021,9.3475861,15.733545,15.733545
3.0044182,3.6724189,3.4747234,3.0044182,2.0178788,-5.2452919,-6.0763117,-6.0763117
2.4009029,3.4134701,2.8060832,2.4009029,2.4695613,-2.3274515,1.804061,1.804061
2.1253991,2.4464825,3.7090443,2.1253991,0.34199376,-6.8354136,-6.7200466,-6.7200466
3.5092613,3.5814712,2.8486129,3.5092613,2.8029281,-3.1618963,-1.0078043,-1.0078043
3.7957701,2.7518498,3.3029163,3.7957701,9.0478388,14.286518,21.483993,21.483993
3.2791295,3.5303107,2.8919064,3.2791295,4.293801,1.6582128,2.9653305,2.9653305
2.9481441,3.9699646,3.7966807,2.9481441,4.4061712,1.340554,4.4070196,4.4070196
2.3422751,3.9776346,2.7479371,2.3422751,3.9673953,4.2248085,5.868484,5.868484
2.3960165,3.8251035,2.9001547,2.3960165,2.4615738,-0.93667325,-0.3698052,-0.3698052
2.4230583,3.5320502,2.3704995,2.4230583,4.7418235,4.5625032,5.3207763,5.3207763
2.1928012,2.9366034,2.1735361,2.1928012,0.7119371,-4.9485932,-9.6025829,-9.6025829
3.7155795,3.4261238,3.1751981,3.7155795,4.2970996,-0.5352264,2.6511567,2.6511567
3.0748807,2.2601566,3.6255745,3.0748807,1.6250816,-5.2227228,-5.584483,-5.584483
3.8571714,2.7362255,2.2353199,3.8571714,4.4914733,-0.28840081,-0.20641737,-0.20641737
2.4005364,3.3974237,3.0842335,2.4005364,1.5701068,-3.9082733,-5.2294432,-5.2294432
2.2411543,3.8721802,3.1570602,2.2411543,6.518205,9.6638919,16.633672,16.633672
2.1548282,3.8098505,3.9313982,2.1548282,2.8763943,-0.25857728,2.7253531,2.7253531
2.9840411,3.5591359,3.1504564,2.9840411,6.703054,10.42883,16.451316,16.451316
3.8580676,2.451096,3.0138816,3.8580676,5.8536298,5.167816,10.059746,10.059746
3.7315182,3.8328912,3.6971546,3.7315182,6.2576429,6.2879844,9.2767171,9.2767171
2.7174872,3.8578633,2.3730661,2.7174872,4.764265,6.7727084,8.4989632,8.4989632
2.2785434,2.8531235,3.8977725,2.2785434,2.5252579,0.62120143,4.3424758,4.3424758
2.2230309,2.9361971,3.9999651,2.2230309,5.0931253,6.0811748,11.1291,11.1291
2.3167938,3.731541,3.6851368,2.3167938,1.7142498,-1.9987498,-2.1787751,-2.1787751
2.7338981,2.1744466,3.2463217,2.7338981,1.4621778,-5.7768131,-4.647424,-4.647424
2.1324623,3.1989317,2.2400661,2.1324623,2.5749005,-2.8385357,-0.19886789,-0.19886789
2.55755,2.4301116,3.9305621,2.55755,1.2535473,-5.6258668,-5.471075,-5.471075
3.384039,3.9214138,3.768635,3.384039,3.2015496,-1.1020474,0.19020477,0.19020477
3.7123401,3.400679,3.6949997,3.7123401,3.7566222,-1.2024239,0.60028443,0.60028443
3.8182354,2.7468914,3.9189941,3.8182354,3.3381133,-2.8100609,-3.0811784,-3.0811784
2.1137589,3.0233234,3.9226404,2.1137589,2.4933207,-1.5697947,4.9482584,4.9482584
3.5575932,3.2428012,2.1568393,3.5575932,2.7841692,-3.5702188,-1.3519918,-1.3519918
3.457487,3.9799842,3.6332669,3.457487,1.1574241,-6.5552608,-7.2570823,-7.2570823
2.0405895,2.7006861,2.0065125,2.0405895,5.1298017,8.5287189,7.9883033,7.9883033
2.715027,2.8378492,3.3741812,2.715027,3.1401785,-0.23112223,1.0405972,1.0405972
3.4391902,2.4569618,2.8244806,3.4391902,4.34311,0.20585941,5.8139745,5.8139745
3.0346401,2.7556653,2.3260669,3.0346401,5.8486143,4.9341304,9.1717785,9.1717785
3.0448167,2.0374442,3.328583,3.0448167,3.4693231,2.1142115,5.8223097,5.8223097
2.0766383,2.7585607,3.7838812,2.0766383,4.1309525,3.641922,6.5691083,6.5691083
3.3265856,3.4007844,3.084951,3.3265856,3.287234,-1.3776261,-0.27870578,-0.27870578
2.5327901,2.953205,3.9715176,2.5327901,2.1495013,-4.9490195,-3.3152105,-3.3152105
2.7504418,3.5579103,3.1798942,2.7504418,5.2030966,3.3347093,4.7664843,4.7664843
3.9096727,2.3461495,2.9321831,3.9096727,3.9820104,0.88196147,-1.0986839,-1.0986839
2.6294509,3.2059041,2.0013146,2.6294509,5.6876919,8.9619618,12.845559,12.845559
2.7202567,3.7660802,3.1290112,2.7202567,4.6211042,4.4327393,5.5832928,5.5832928
3.8790294,3.860444,2.0483493,3.8790294,3.0953393,-3.4801853,-3.2527968,-3.2527968
3.1518415,3.4004806,3.5173841,3.1518415,5.7452369,6.9166893,11.067324,11.067324
2.201282,3.4260219,3.6039589,2.201282,-0.53191906,-7.8531325,-12.942391,-12.942391
2.1866561,2.263844,3.3367688,2.1866561,-0.006556935,-6.7106288,-7.2806281,-7.2806281
3.5448827,2.332597,2.5680688,3.5448827,5.47035,3.1436641,5.0812033,5.0812033
3.1690252,2.1430885,2.8405718,3.1690252,5.1655741,3.2619034,7.3899526,7.3899526
3.3060747,2.4161769,3.3836365,3.3060747,7.9437315,14.717389,19.475605,19.475605
2.0649473,2.8412215,2.7625964,2.0649473,5.6591415,9.5390226,13.998338,13.998338
3.277382,2.7540187,3.4196589,3.277382,3.3930568,1.0674789,2.0837,2.0837
2.2712648,3.487562,2.6331398,2.2712648,3.808386,3.615194,6.8390487,6.8390487
3.4385145,3.8077221,3.0286481,3.4385145,5.6210654,5.0873281,5.2413098,5.2413098
2.9273057,3.926973,3.2315955,2.9273057,4.8593092,5.2028058,6.7820781,6.7820781
3.9437144,3.6044391,3.3964962,3.9437144,3.8884687,-2.065961,-0.042649605,-0.042649605
3.386956,3.3665713,2.6206295,3.386956,2.7998365,-2.0635168,-0.33149201,-0.33149201
3.7164332,2.4227527,2.8749154,3.7164332,5.8037854,6.8077176,10.101795,10.101795
2.9485755,2.1712711,3.4745757,2.9485755,6.533872,9.3185403,15.250353,15.250353
2.5407436,3.6704807,3.355777,2.5407436,5.2549095,6.9782392,10.961254,10.961254
3.2389968,3.5842847,3.9166517,3.2389968,3.5310467,1.2225286,3.1193274,3.1193274
3.0642802,3.4717385,2.0376951,3.0642802,1.30211,-6.4495843,-8.67718,-8.67718
2.9310502,2.8303447,3.9409212,2.9310502,2.3173906,-4.8164414,-2.5514076,-2.5514076
2.3247711,2.0450482,2.2730829,2.3247711,2.1734437,-0.5900836,-2.6301525,-2.6301525
3.866638,2.162926,2.8406353,3.866638,7.1093828,8.327863,13.731604,13.731604
2.90636,3.3781086,2.6936837,2.90636,6.6751316,8.4843706,12.906292,12.906292
2.2843304,3.5671381,3.0196601,2.2843304,3.4727454,1.9056956,3.5623182,3.5623182
2.2479372,2.1130459,2.119212,2.2479372,0.16118251,-9.4039153,-12.866383,-12.866383
3.8367872,2.6522232,2.2531546,3.8367872,4.2189476,0.29445475,2.9111995,2.9111995
2.5885851,3.0735393,3.482262,2.5885851,2.2134495,-4.4780469,-1.302372,-1.302372
2.5540109,3.3867359,3.0124869,2.5540109,-0.057632182,-12.417889,-13.605113,-13.605113
2.1700132,3.6171739,2.7780253,2.1700132,4.9305625,6.1939564,9.0808208,9.0808208
2.988515,2.370497,2.0025844,2.988515,4.5599866,2.8474577,4.3889812,4.3889812
2.2474944,3.1076956,3.4946313,2.2474944,2.8269727,0.7628994,4.078979,4.078979
3.5929448,2.9253032,2.7024877,3.5929448,6.4514964,6.2858625,11.825495,11.825495
2.8143338,3.397552,2.7240592,2.8143338,4.2532613,2.246889,3.743469,3.743469
3.0545156,2.0461406,2.5768336,3.0545156,7.7217054,10.588093,17.522193,17.522193
2.3452877,2.4161754,2.8195897,2.3452877,3.9771659,2.8694003,3.6717515,3.6717515
3.968837,2.8112917,3.8623196,3.968837,5.1860188,4.293466,6.4363104,6.4363104
3.9366206,3.898922,3.6786534,3.9366206,5.1731666,2.9665595,6.8796628,6.8796628
3.0032696,3.8282393,2.5539064,3.0032696,4.4336161,2.9977581,4.35762,4.35762
3.589625,3.090407,2.1146989,3.589625,6.4894122,7.129654,10.58313,10.58313
3.7019143,3.3176618,3.5455918,3.7019143,4.3999577,0.44724725,3.6168719,3.6168719
2.6754459,3.0391778,3.9633445,2.6754459,5.6163467,7.0988289,10.626016,10.626016
2.4456603,3.1350821,2.9450426,2.4456603,6.551768,10.710285,16.665092,16.665092
3.4569427,3.9932495,2.1715922,3.4569427,7.2679047,11.574041,14.562047,14.562047
3.926425,3.0238693,2.5052012,3.926425,5.5706129,4.4545474,9.445141,9.445141
2.553087,3.5329738,3.769275,2.553087,4.2270026,4.1598418,8.3117732,8.3117732
2.9497928,2.309312,2.0241844,2.9497928,6.5959336,8.376118,14.309024,14.309024
2.0380337,2.5640471,2.9441721,2.0380337,4.0966728,4.923423,6.0263823,6.0263823
2.5697158,2.7063685,2.5823701,2.5697158,4.5588572,3.2767718,6.0926027,6.0926027
2.0955214,2.2641616,2.0613683,2.0955214,3.9559729,0.68082518,6.3215396,6.3215396
3.6077668,2.5484689,2.7375233,3.6077668,5.0577756,2.1571023,5.0758541,5.0758541
2.424645,2.656885,2.00845,2.424645,0.94180204,-4.1950383,-6.2816216,-6.2816216
3.6426372,3.1763812,2.4101375,3.6426372,5.7398133,4.2979261,9.2777389,9.2777389
2.5403129,2.8008044,3.3360191,2.5403129,3.034813,-0.89826863,2.3247544,2.3247544
3.6981521,3.0796719,3.2868734,3.6981521,3.618149,-1.0796479,2.3387916,2.3387916
3.3558392,2.7558003,2.9227748,3.3558392,4.7744015,4.5591431,5.0523523,5.0523523
2.2350267,2.2836802,3.2750533,2.2350267,6.5126274,10.728545,14.960702,14.960702
2.6011374,2.6465199,2.9510493,2.6011374,8.2506788,13.998792,21.600316,21.600316
3.787917,3.0471921,3.9806238,3.787917,3.3919969,-0.79442964,-1.4312938,-1.4312938
2.3428732,3.4106943,2.4572039,2.3428732,0.64410316,-7.7757814,-7.5923826,-7.5923826
3.8100205,2.8051396,3.4808262,3.8100205,1.5093304,-7.6809681,-9.0332706,-9.0332706
2.7577002,3.3219013,2.2466798,2.7577002,1.4054893,-6.4569086,-5.4646983,-5.4646983
3.1175606,2.0816674,3.9460191,3.1175606,7.999089,14.509928,22.251848,22.251848
3.9913409,3.2376995,2.1607632,3.9913409,8.0263796,11.277699,15.140082,15.140082
2.890943,3.4368,2.0576739,2.890943,5.2073429,7.8325622,10.356684,10.356684
2.0397936,3.8697663,3.1762678,2.0397936,0.22812024,-6.3164407,-8.0080553,-8.0080553
3.6131975,2.0197061,3.7965175,3.6131975,4.0600808,-1.2876742,2.5575455,2.5575455
2.7393334,3.327748,2.235349,2.7393334,2.8278823,1.2773648,2.5800138,2.5800138
2.7345249,3.6081998,3.1611266,2.7345249,3.4683154,-0.9202368,1.3087572,1.3087572
2.7742451,2.8779839,2.6655598,2.7742451,-0.90104985,-12.953306,-15.877983,-15.877983
3.3693458,2.7426325,2.8479772,3.3693458,4.0485298,-1.7700546,0.21747918,0.21747918
3.7303627,2.4070949,2.1850195,3.7303627,7.531863,11.4313,16.005774,16.005774
2.0841987,3.3377213,3.0040347,2.0841987,2.0220976,0.17978583,2.1504395,2.1504395
3.2635065,2.6136303,3.41921,3.2635065,3.7411073,1.9659477,3.1674761,3.1674761
2.9461685,3.6031225,3.9774215,2.9461685,5.8257394,6.6919761,12.078456,12.078456
2.039803,3.5935433,3.209428,2.039803,2.5687827,0.34359669,1.70423,1.70423
3.5972229,3.8477038,3.6655276,3.5972229,5.3750701,4.5326655,5.3347033,5.3347033
2.8646328,3.3622216,2.3933145,2.8646328,1.2240372,-5.557044,-7.1722543,-7.1722543
2.3249179,2.40848,3.7181313,2.3249179,5.0144518,5.5848045,7.5401447,7.5401447
2.9735964,2.0921232,3.8101456,2.9735964,0.15686431,-9.4191378,-10.721644,-10.721644
3.039384,3.158071,2.620678,3.039384,3.9737322,0.44385556,2.2357262,2.2357262
2.4374029,2.5657759,2.6527114,2.4374029,2.1393438,-3.0960306,-1.5452262,-1.5452262
2.8653327,2.429304,3.6848159,2.8653327,3.7619741,-0.07102283,1.4531258,1.4531258
2.6579746,3.6739731,2.5786254,2.6579746,4.3527629,4.6185293,8.0396065,8.0396065
2.8410273,3.3772247,3.3346169,2.8410273,4.5259287,3.7218009,4.8748325,4.8748325
3.6303302,3.8534527,2.8317956,3.6303302,6.7383303,9.6132575,12.704532,12.704532
3.1087391,2.4022958,3.9226123,3.1087391,7.478316,12.17979,18.284035,18.284035
2.6389461,2.2821755,2.6345568,2.6389461,4.5373574,4.6522992,6.468315,6.468315
2.1081645,2.9089538,2.7648539,2.1081645,6.7666099,11.435023,17.730804,17.730804
2.9733138,3.5585206,2.9176007,2.9733138,5.2711299,5.1659914,6.8675911,6.8675911
3.7706039,2.9959579,3.273662,3.7706039,4.2068477,1.1444383,2.575522,2.575522
2.7102994,3.6082944,2.6833608,2.7102994,1.318629,-5.8214053,-4.8144143,-4.8144143
3.6824108,3.2941095,2.1155493,3.6824108,-0.001204118,-10.967447,-13.80441,-13.80441
3.2456805,2.8154033,3.5738948,3.2456805,5.6727754,5.3690076,10.630577,10.630577
3.766292,3.7079322,2.3550167,3.766292,0.50860143,-10.157779,-12.121873,-12.121873
2.6888713,3.9833668,2.1615757,2.6888713,4.2706873,3.0167667,5.4993564,5.4993564
3.3434995,2.9057955,3.6874896,3.3434995,3.3127806,-0.48962429,1.7212937,1.7212937
3.0883678,3.8305536,2.7250436,3.0883678,0.97095608,-7.3981637,-8.8631585,-8.8631585
3.6137758,2.6627301,3.2416214,3.6137758,8.0730499,13.121994,20.005765,20.005765
2.3558312,2.4270972,2.4388833,2.3558312,2.3138345,-0.86190398,-0.63014624,-0.63014624
2.7481244,2.2168238,3.1675162,2.7481244,2.6537301,-1.1095174,-1.3256097,-1.3256097
2.3289965,3.4209058,3.6183876,2.3289965,3.0383219,0.074187125,0.4318228,0.4318228
3.0570486,2.278602,2.4481259,3.0570486,7.3576407,11.914485,17.12804,17.12804
3.2827309,2.1990046,2.545526,3.2827309,8.5424624,14.971261,21.770177,21.770177
2.1988612,3.858187,3.2011574,2.1988612,1.2775505,-4.7360737,-5.7138026,-5.7138026
2.9885853,3.4136553,3.0838863,2.9885853,4.0100963,2.2615767,3.9137849,3.9137849
2.2539907,2.2722986,2.3032747,2.2539907,3.8532805,5.2624448,6.2216384,6.2216384
2.7610701,2.6952734,2.3938645,2.7610701,3.6295348,0.36991524,2.8927015,2.8927015
3.8369161,3.1872949,2.5922134,3.8369161,9.5725848,17.367111,21.996783,21.996783
2.4386546,2.0011179,3.2097769,2.4386546,0.59419918,-8.1814058,-8.7118358,-8.7118358
2.3724387,3.970472,2.3106244,2.3724387,1.3579041,-4.5312676,-4.3004655,-4.3004655
2.5541272,3.0350571,2.962826,2.5541272,6.3880796,8.771516,14.106405,14.106405
2.3524532,3.5847281,3.9730441,2.3524532,6.5760954,11.693447,17.021092,17.021092
3.6774721,2.6444155,2.1529995,3.6774721,4.5290994,1.6531529,3.9051885,3.9051885
3.9382082,2.3964675,2.58934,3.9382082,3.8307191,-1.7715841,-0.2745471,-0.2745471
3.6898062,3.1799852,3.4139928,3.6898062,5.8822278,4.6590654,9.9751822,9.9751822
2.8062497,3.1982558,3.2893106,2.8062497,5.1165134,5.0255166,9.2482159,9.2482159
2.1941882,3.6197413,2.3031371,2.1941882,3.6674299,2.560932,4.7599853,4.7599853
3.778819,3.1012568,3.9888188,3.778819,5.3449586,3.4721538,4.8018914,4.8018914
3.0132491,2.9306229,3.6080823,3.0132491,2.4006157,-3.655647,-2.8523104,-2.8523104
3.6564292,2.3528709,2.9429194,3.6564292,6.6474987,8.7841627,13.296391,13.296391
3.3896128,3.8009523,2.5186221,3.3896128,4.6250351,3.1440698,4.367717,4.367717
3.9066741,3.2072606,3.9708921,3.9066741,5.5813295,6.500105,8.1845764,8.1845764
3.7179635,3.6436344,2.9905667,3.7179635,4.1761246,1.165519,1.1444441,1.1444441
3.5840236,3.345589,2.9369199,3.5840236,5.989781,6.0037903,9.837874,9.837874
3.0223819,2.7722402,3.6539576,3.0223819,2.551605,-5.4053128,-2.2286001,-2.2286001
2.1854416,2.6338129,3.8533564,2.1854416,6.9006525,12.568919,19.835197,19.835197
2.5742164,2.0133989,3.3151841,2.5742164,3.3363914,2.5508137,3.8391324,3.8391324
3.2111121,2.8437641,2.8661049,3.2111121,6.7976838,8.4257731,12.729464,12.729464
3.6492653,3.8646308,3.0967049,3.6492653,6.8258815,12.127861,16.717993,16.717993
3.1233893,3.9730151,3.5085809,3.1233893,4.7113333,2.9746634,5.9161493,5.9161493
3.0734433,3.7618304,3.1740892,3.0734433,6.3625839,11.04035,14.10396,14.10396
3.3052896,3.6056699,2.0970644,3.3052896,4.005958,-0.46152084,1.4033863,1.4033863
2.528365,3.2100606,2.5329864,2.528365,1.0706224,-5.6307239,-5.7656575,-5.7656575
3.637423,3.9847318,2.1109444,3.637423,7.7019063,12.131407,19.041639,19.041639
2.2074232,3.5801495,2.8033962,2.2074232,2.6720124,-0.17712166,0.6927015,0.6927015
3.5642122,2.7420961,3.9814424,3.5642122,1.9381546,-6.4630754,-8.1485552,-8.1485552
2.9539538,2.4067822,3.6602542,2.9539538,7.1538098,10.032989,18.059522,18.059522
3.1315779,2.1794756,2.0268501,3.1315779,-0.33722403,-9.9721072,-13.241781,-13.241781
3.1009686,2.1663596,2.1328608,3.1009686,3.6640718,-0.64436015,1.8008234,1.8008234
2.5739714,2.237711,2.4461471,2.5739714,5.7025231,7.0034219,10.973655,10.973655
3.4917051,2.8898482,3.0660743,3.4917051,1.2512507,-5.8636375,-8.2915295,-8.2915295
3.7337126,2.4579342,3.441068,3.7337126,3.1683351,-3.70504,-0.10046261,-0.10046261
2.2168818,3.7021751,3.5484535,2.2168818,1.4005596,-4.9339033,-3.9133021,-3.9133021
2.0350463,3.9509394,3.8042634,2.0350463,3.6162913,3.4470587,6.3440606,6.3440606
2.0830628,2.6004221,3.991676,2.0830628,2.8381501,1.8039814,2.9548187,2.9548187
3.0341568,2.2758873,3.8131562,3.0341568,2.7221692,-0.47429977,-1.6250334,-1.6250334
2.3519269,3.6131538,3.3365737,2.3519269,2.7338419,-0.8953599,0.1954384,0.1954384
2.8495837,3.8111057,3.1304198,2.8495837,6.0362322,6.9336373,9.3469665,9.3469665
2.4875022,2.0476681,3.1990182,2.4875022,1.7794665,-5.5333145,-3.8337412,-3.8337412
2.1700616,2.3032639,2.7577097,2.1700616,2.9137861,0.79946877,4.7542533,4.7542533
3.1425665,2.9557813,2.2786541,3.1425665,3.8586501,1.0658167,5.1531358,5.1531358
3.1637566,2.4315937,3.0443571,3.1637566,3.7556168,0.48864942,3.6235993,3.6235993
3.0314311,3.3569692,3.6601193,3.0314311,4.2578424,4.0358896,7.4613715,7.4613715
2.5992037,2.0460906,3.4421873,2.5992037,4.8927921,4.8775101,9.9729081,9.9729081
3.299215,2.2752592,2.3649056,3.299215,8.3203839,14.332307,20.796028,20.796028
2.9589507,3.8577713,3.2464515,2.9589507,4.7036487,1.4192071,6.6698763,6.6698763
2.1324822,2.3982228,2.2874051,2.1324822,5.1985101,7.3717642,10.065653,10.065653
3.4069917,3.4000809,2.0960675,3.4069917,3.7760518,1.3322128,1.3900458,1.3900458
3.2877571,2.2777469,3.0959534,3.2877571,2.5371727,-1.3855847,0.71286198,0.71286198
2.285529,2.6684304,3.6489395,2.285529,4.5554309,4.1337003,6.5535594,6.5535594
3.5679453,2.5879647,2.42382,3.5679453,-0.49320735,-13.158387,-15.408695,-15.408695
3.4904265,2.6046141,3.7250815,3.4904265,1.1496467,-7.6934826,-7.9095763,-7.9095763
3.6770819,3.160805,3.3411131,3.6770819,4.3221323,0.54316576,3.9196474,3.9196474
2.7329248,2.1494937,2.4465974,2.7329248,6.0624384,7.2831243,12.414407,12.414407
2.9560908,3.4590714,3.3114558,2.9560908,-0.41161087,-11.518488,-11.868632,-11.868632
3.4627639,3.5658558,2.6242744,3.4627639,7.0315229,10.488847,14.521765,14.521765
2.8713828,2.9457934,3.2220578,2.8713828,5.3285252,5.5835075,9.4294163,9.4294163
2.2298123,2.7587357,2.9706222,2.2298123,4.8547394,6.0735474,10.319065,10.319065
3.4191335,3.5917903,3.2574447,3.4191335,4.9850582,3.2675086,4.9021208,4.9021208
